0,CombatZoneResize,133,251,508,391,TLResume,
0,HeartTeleport,320,304,
0,HeartMode,1
0,TLPause,
0,SET,Loop,20,
0,:RndAttack,
0,BlackScreen,1,
0,Sound,Flash,
0.1,BlackScreen,0,
0,Sound,Flash,
0,JMPZ,End,$Loop,
0,SUB,Loop,$Loop,1,
0,RND,Jump,5,
0,ADD,Jump,$Jump,1,
0,JMPREL,$Jump,
0,JMPABS,Attack0,
0,JMPABS,Attack1,
0,JMPABS,Attack2,
0,JMPABS,Attack3,
0,JMPABS,Attack4,
0,JMPABS,Attack5,
0,JMPABS,Attack6,
0,JMPABS,Attack7,
0,JMPABS,Attack8,
0,:Attack0,
0,CombatZoneResizeInstant,121,276,526,391,
0,HeartMode,1,
0,HeartTeleport,320,376,
0,BoneVRepeat,128,341,45,0,300,4,16,
0,BoneVRepeat,-156,341,45,0,300,4,16,
0,BoneV,-220,286,100,0,300,
0,BoneVRepeat,512,341,45,2,300,4,16,
0,BoneVRepeat,796,341,45,2,300,4,16,
0,BoneV,860,286,100,2,300,
1.7,JMPABS,RndAttack,
0,:Attack1,
0,CombatZoneResizeInstant,121,276,526,391,
0,HeartMode,1,
0,HeartTeleport,320,376,
0,BoneV,128,286,100,0,300,1,
0,BoneV,56,366,20,0,300,0,
0,BoneV,-94,286,100,0,300,1,
0,BoneV,-156,366,20,0,300,0,
0,BoneV,-190,286,100,0,300,0,
0,BoneV,512,286,100,2,300,1,
0,BoneV,584,366,20,2,300,0,
0,BoneV,734,286,100,2,300,1,
0,BoneV,798,366,20,2,300,0,
0,BoneV,822,286,100,2,300,0,
1.6,JMPABS,RndAttack,
0,:Attack2,
0,CombatZoneResizeInstant,171,276,476,391,
0,HeartMode,1,
0,HeartTeleport,320,376,
0,SET,Total,0,
0,SET,Loop2,0,
0,:Attack2Begin,
0,RND,Choice,3,
0,ADD,HeightB,$Choice,2,
0,MUL,HeightB,$HeightB,10,
0,SET,RndSpeed,0,
0,JMPZ,SkipRndSpeed,$Loop2,
0,RND,RndSpeed,3,
0,SUB,RndSpeed,$RndSpeed,1,
0,MUL,RndSpeed,$RndSpeed,1,
0,:SkipRndSpeed,
0,SUB,HeightT,86,$HeightB,
0,SUB,YB,386,$HeightB,
0,MUL,X,$Loop2,22,
0,ADD,X,$X,25,
0,ADD,X,$X,$Total,
0,ADD,SpeedL,6,$RndSpeed,
0,MUL,XL,$X,$SpeedL,
0,SUB,XL,320,$XL,
0,MUL,SpeedL,$SpeedL,30,
0,MUL,RndSpeed,$RndSpeed,-1,
0,ADD,SpeedR,6,$RndSpeed,
0,MUL,XR,$X,$SpeedR,
0,ADD,XR,320,$XR,
0,MUL,SpeedR,$SpeedR,30,
0,BoneVRepeat,$XL,282,$HeightT,0,$SpeedL,5,10,
0,BoneVRepeat,$XL,$YB,$HeightB,0,$SpeedL,5,10,
0,BoneVRepeat,$XR,282,$HeightT,2,$SpeedR,5,10,
0,BoneVRepeat,$XR,$YB,$HeightB,2,$SpeedR,5,10,
0,MUL,Totalinc,$Choice,5,
0,ADD,Total,$Total,$Totalinc,
0,ADD,Loop2,$Loop2,1,
0,JMPL,Attack2Begin,$Loop2,4,
1.9,JMPABS,RndAttack,
0,:Attack3,
0,CombatZoneResizeInstant,171,276,476,391,
0,HeartMode,1,
0,HeartTeleport,320,376,
0,BoneVRepeat,200,282,70,0,200,5,125,
0,BoneVRepeat,200,371,15,0,200,5,125,
0,BoneVRepeat,440,282,70,2,200,5,125,
0,BoneVRepeat,440,371,15,2,200,5,125,
1.7,JMPABS,RndAttack,
0,:Attack4,
0,CombatZoneResizeInstant,121,276,526,391,
0,HeartMode,1,
0,RND,Side,2,
0,JMPZ,Attack4Other,$Side,s
0,HeartTeleport,506,376,
0,BoneVRepeat,200,331,55,0,400,15,24,
0,BoneVRepeat,200,371,15,0,400,30,24,
1.5,JMPABS,RndAttack,
0,:Attack4Other,
0,HeartTeleport,149,376,
0,BoneVRepeat,440,331,55,2,400,15,24,
0,BoneVRepeat,440,371,15,2,400,30,24,
1.5,JMPABS,RndAttack,
0,:Attack5,
0,CombatZoneResizeInstant,121,276,526,391,
0,HeartMode,1,
0,HeartTeleport,330,304,
0,Platform,309,314,41,0,0,
0,Platform,309,354,41,0,0,
0,BoneVRepeat,121,364,30,2,600,600,16,
0,BoneVRepeat,518,364,30,0,600,600,16,
0,RND,Side,2,
0,JMPZ,Attack5Other,$Side,
0,BoneVRepeat,521,280,35,2,270,5,16,
0,BoneVRepeat,1,319,65,0,270,5,16,
1.5,JMPABS,RndAttack
0,:Attack5Other,
0,BoneVRepeat,119,280,35,0,270,5,16,
0,BoneVRepeat,639,319,65,2,270,5,16,
1.5,JMPABS,RndAttack
0,:Attack6,
0,CombatZoneResizeInstant,241,226,406,391,
0,HeartMode,0,
0,HeartTeleport,320,304,
0,RND,Rot,2,
0,JMPZ,Attack6Other,$Rot,
0,GasterBlaster,1,191,306,191,306,0,0.4,0.26666,
0,GasterBlaster,1,321,166,321,166,90,0.4,0.26666,
0,GasterBlaster,1,449,306,449,306,180,0.4,0.26666,
0,GasterBlaster,1,321,446,321,446,270,0.4,0.26666,
1.2,JMPABS,RndAttack,
0,:Attack6Other,
0,GasterBlaster,1,191,176,191,176,45,0.4,0.26666,
0,GasterBlaster,1,451,176,451,176,135,0.4,0.26666,
1.2,JMPABS,RndAttack,
0,:Attack7,
0,CombatZoneResizeInstant,179,226,404,391,
0,HeartMode,0,
0,RND,Side,2,
0,JMPZ,Attack7Other,$Side,
0,HeartTeleport,382,304,
0,SineBones,600,-20,600,55,
1.7,JMPABS,RndAttack,
0,:Attack7Other,
0,HeartTeleport,267,304,
0,SineBones,600,20,600,55,
1.7,JMPABS,RndAttack,
0,:Attack8,
0,CombatZoneResizeInstant,121,276,526,391,
0,HeartMode,1,
0,RND,Side,2,
0,JMPZ,Attack8Other,$Side,
0,HeartTeleport,489,376,
0,BoneVRepeat,345,364,20,0,120,100,50,
0,BoneVRepeat,297,280,82,2,200,100,50,
1.9,JMPABS,RndAttack,
0,:Attack8Other,
0,HeartTeleport,168,376,
0,BoneVRepeat,297,364,20,2,120,100,50,
0,BoneVRepeat,345,280,82,0,200,100,50,
1.9,JMPABS,RndAttack,
0,:End,
0,CombatZoneResizeInstant,33,251,608,391,
0,EndAttack,