0,CombatZoneResize,133,231,548,391,TLResume,
0,HeartTeleport,320,376,
0,HeartMode,1,
0,TLPause,
0,Platform,151,336,5,0,90,1,
0,HeartTeleport,175,327,
0,GasterBlaster,2,300,0,80,345,0,21,1,
0,BoneVRepeat,528,366,40,0,300,900,15,
0,BoneVRepeat,-125,366,40,2,300,900,15,
0,BoneVRepeat,200,325,40,1,180,100,65,
0,BoneVRepeat,250,268,40,3,180,100,65,
0,BoneVRepeat,300,325,40,1,180,100,65,
0,BoneVRepeat,350,268,40,3,180,100,65,
0,BoneVRepeat,400,325,40,1,180,100,65,
0,BoneVRepeat,450,268,40,3,180,100,65,
22,EndAttack,