0,CombatZoneResize,220,190,420,390,TLResume,
0,HeartMode,0,
0,HeartTeleport,320,290,
0.5,SansBody,HandLeft,
0,SansAnimation,Idle,
0,Sound,BoneStab,
0,SineBones,200,24,360,50
1,GetHeartPos,HeartX,HeartY,
0,GasterBlaster,1,300,0,$HeartX,100,90,0.3,0.3,
1,GetHeartPos,HeartX,HeartY,
0,GasterBlaster,1,300,0,$HeartX,100,90,0.3,0.3,
1,GetHeartPos,HeartX,HeartY,
0,GasterBlaster,1,300,0,$HeartX,100,90,0.3,0.3,
1,GetHeartPos,HeartX,HeartY,
0,GasterBlaster,1,300,0,$HeartX,100,90,0.3,0.3,
1,GetHeartPos,HeartX,HeartY,
0,GasterBlaster,1,300,0,$HeartX,100,90,0.3,0.3,
1,GetHeartPos,HeartX,HeartY,
0,GasterBlaster,1,300,0,$HeartX,100,90,0.3,0.3,
1,GetHeartPos,HeartX,HeartY,
0,GasterBlaster,1,300,0,$HeartX,100,90,0.3,0.3,
1,GetHeartPos,HeartX,HeartY,
0,GasterBlaster,1,300,0,$HeartX,100,90,0.3,0.3,
1,GetHeartPos,HeartX,HeartY,
0,GasterBlaster,1,300,0,$HeartX,100,90,0.3,0.3,
1,GetHeartPos,HeartX,HeartY,
0,GasterBlaster,1,300,0,$HeartX,100,90,0.3,0.3,
1,GetHeartPos,HeartX,HeartY,
0,GasterBlaster,1,300,0,$HeartX,100,90,0.3,0.3,
1,GetHeartPos,HeartX,HeartY,
0,GasterBlaster,1,300,0,$HeartX,100,90,0.3,0.3,
2,EndAttack,