0,CombatZoneResize,241,226,406,391,TLResume,
0,HeartTeleport,320,304,
0,HeartMode,0,
0,TLPause,
0,SansSweat,0,
0,SET,Loop,4,
0,JMPZ,42,$Loop,
0,SUB,Loop,$Loop,1,
0,RND,Direction,4,
0,ADD,Jump,$Direction,1,
0,JMPREL,$Jump,
0,JMPREL,4,
0,JMPREL,8,
0,JMPREL,12,
0,JMPREL,16,
0,SansBody,HandRight,
0,SET,Opposite,2,
0,SET,Side1,1,
0,SET,Side2,3,
0,JMPREL,16,
0,SansBody,HandDown,
0,SET,Opposite,3,
0,SET,Side1,0,
0,SET,Side2,2,
0,JMPREL,11,
0,SansBody,HandLeft,
0,SET,Opposite,0,
0,SET,Side1,1,
0,SET,Side2,3,
0,JMPREL,6,
0,SansBody,HandUp,
0,SET,Opposite,1,
0,SET,Side1,0,
0,SET,Side2,2,
0,JMPREL,1,
0.26666,SansSlam,$Direction,
0.2,BoneStab,$Direction,29,0.2,0,
0,BoneStab,$Opposite,110,0.2,0,
0,BoneStab,$Side1,55,0.2,0,
0,BoneStab,$Side2,55,0.2,0,
0.23333,JMPABS,7,
0.2,HeartMode,0,
0,SansBody,HandRight,
0.2,BoneHRepeat,130,-10,200,1,500,10,150,
0,BoneHRepeat,330,650,200,3,500,10,150,
3.2,SansBody,HandLeft,
0.2,SansSlam,2,
0.3,SansBody,HandRight,
0.2,HeartMaxFallSpeed,450
0,SansSlam,0,
0,CombatZoneSpeed,900,
0,CombatZoneResize,241,226,650,391,
0.33333,HeartMaxFallSpeed,-300,
0,SansAnimation,Idle,
0,SansRepeat,
0,CombatZoneResize,-10,226,650,391,
0.3,CombatZoneSpeed,30,
0,CombatZoneResize,-10,264,650,369,
0.9,GetHeartPos,HeartX,HeartY,
0,HeartTeleport,40,$HeartY,
0,HeartMaxFallSpeed,0,
0.5,GetHeartPos,HeartX,HeartY,
0,GasterBlaster,0,0,316,600,$HeartY,180,0.3,0,
0.5,GetHeartPos,HeartX,HeartY,
0,GasterBlaster,0,0,316,600,$HeartY,180,0.3,0,
0.5,GetHeartPos,HeartX,HeartY,
0,GasterBlaster,0,0,316,600,$HeartY,180,0.3,0,
0.5,GetHeartPos,HeartX,HeartY,
0,GasterBlaster,0,0,316,600,$HeartY,180,0.3,0,
0.5,GetHeartPos,HeartX,HeartY,
0,GasterBlaster,0,0,316,600,$HeartY,180,0.3,0,
0.7,SineBones,50,24,750,20,
2.5,SansSlam,3,
0,HeartMaxFallSpeed,450,
0.1,BoneStab,3,25,0.2,0,
0.5,SansSlam,1,
0.1,BoneStab,1,25,0.2,0,
0.5,SansSlam,3,
0.1,BoneStab,3,25,0.2,0,
0.5,SansSlam,1,
0.1,BoneStab,1,25,0.2,0,
0.4,SansSlam,3,
0,HeartMaxFallSpeed,500,
0.1,BoneStab,3,25,0.2,0,
0.4,SansSlam,1,
0.1,BoneStab,1,25,0.2,0,
0.3,SansSlam,3,
0,HeartMaxFallSpeed,550,
0.1,BoneStab,3,25,0.2,0,
0.3,SansSlam,1,
0.1,BoneStab,1,25,0.2,0,
0,HeartMaxFallSpeed,650,
0.2,SansSlam,3,
0.1,BoneStab,3,25,0.2,0,
0.2,SansSlam,1,
0.1,BoneStab,1,25,0.2,0,
0,HeartMaxFallSpeed,800,
0.1,SansSlam,3,
0.1,BoneStab,3,25,0.2,0,
0.1,SansSlam,1,
0.1,BoneStab,1,25,0.2,0,
0.1,SansSlam,3,
0.1,BoneStab,3,25,0.2,0,
0.1,SansSlam,1,
0.1,BoneStab,1,25,0.2,0,
0.1,HeartMaxFallSpeed,0,
0,SansSlam,0,
0.5,HeartMaxFallSpeed,660,
0,CombatZoneSpeed,540,
0,CombatZoneResize,-10,264,410,369,
0.9,SansEndRepeat,
0,SansHead,Default,
0,SansTorso,Default,
0,SansBody,HandLeft,
0.2,BoneStab,0,50,0.2,1,
0.3,BlackScreen,1,
0,Sound,Flash,
0.1,BlackScreen,0,
0,Sound,Flash,
0,CombatZoneResizeInstant,239,226,404,391,
0,HeartTeleport,320,376,
0,HeartMode,1,
0,SansAnimation,HeadBob,
0,GasterBlaster,2,499,300,499,300,180,0,0,
0,GasterBlaster,2,139,300,139,300,0,0.03333,0,
0,GasterBlaster,2,499,250,499,300,180,0.06666,0,
0,GasterBlaster,2,139,250,139,300,0,0.1,0,
0,GasterBlaster,2,499,200,499,300,180,0.13333,0,
0,GasterBlaster,2,139,200,139,300,0,0.16666,0,
0,GasterBlaster,2,139,384,139,384,0,0.53333,0,
0,GasterBlaster,2,499,384,499,384,180,0.56666,0,
0,GasterBlaster,2,139,434,139,434,0,0.6,0,
0,GasterBlaster,2,499,434,499,434,180,0.63333,0,
0,GasterBlaster,2,139,484,139,484,0,0.66666,0,
0,GasterBlaster,2,499,484,499,484,180,0.7,0,
0.9,BlackScreen,1,
0,Sound,Flash,
0.1,BlackScreen,0,
0,Sound,Flash,
0,HeartTeleport,255,240,
0,SansSlam,3,
0,GasterBlaster,2,139,315,139,315,0,0,0,
0,GasterBlaster,2,325,484,325,484,270,0,0,
0,GasterBlaster,2,499,315,499,315,180,0.03333,0,
0,GasterBlaster,2,325,133,325,133,90,0.03333,0,
0,GasterBlaster,2,139,365,139,365,0,0.06666,0,
0,GasterBlaster,2,375,484,375,484,270,0.06666,0,
0,GasterBlaster,2,499,365,499,365,180,0.1,0,
0,GasterBlaster,2,375,133,375,133,90,0.1,0,
0,GasterBlaster,2,139,415,139,415,0,0.13333,0,
0,GasterBlaster,2,425,484,425,484,270,0.13333,0,
0,GasterBlaster,2,499,415,499,415,180,0.16666,0,
0,GasterBlaster,2,425,133,425,133,90,0.16666,0,
0,GasterBlaster,2,499,230,499,230,180,0.53333,0,
0,GasterBlaster,2,240,133,240,133,90,0.53333,0,
0,GasterBlaster,2,139,230,139,230,0,0.56666,0,
0,GasterBlaster,2,240,484,240,484,270,0.56666,0,
0,GasterBlaster,2,499,180,499,180,180,0.6,0,
0,GasterBlaster,2,190,133,190,133,90,0.6,0,
0,GasterBlaster,2,139,180,139,180,0,0.63333,0,
0,GasterBlaster,2,190,484,190,484,270,0.63333,0,
0,GasterBlaster,2,499,130,499,130,180,0.66666,0,
0,GasterBlaster,2,140,133,140,133,90,0.66666,0,
0,GasterBlaster,2,139,130,139,130,0,0.7,0,
0,GasterBlaster,2,140,484,140,484,270,0.7,0,
0.9,BlackScreen,1,
0,Sound,Flash,
0.1,BlackScreen,0,
0,Sound,Flash,
0,HeartTeleport,391,376,
0,SansSlam,0,
0,GasterBlaster,2,549,300,549,300,180,0,0,
0,GasterBlaster,2,310,183,310,183,90,0,0,
0,GasterBlaster,2,139,300,139,300,0,0.03333,0,
0,GasterBlaster,2,310,484,310,484,270,0.03333,0,
0,GasterBlaster,2,549,250,549,250,180,0.06666,0,
0,GasterBlaster,2,260,183,260,183,90,0.06666,0,
0,GasterBlaster,2,139,250,139,250,0,0.1,0,
0,GasterBlaster,2,260,484,260,484,270,0.1,0,
0,GasterBlaster,2,549,200,549,200,180,0.13333,0,
0,GasterBlaster,2,210,183,210,183,90,0.13333,0,
0,GasterBlaster,2,139,200,139,200,0,0.16666,0,
0,GasterBlaster,2,210,484,210,484,270,0.16666,0,
0,GasterBlaster,2,139,383,139,383,0,0.53333,0,
0,GasterBlaster,2,403,484,403,484,270,0.53333,0,
0,GasterBlaster,2,549,383,549,383,180,0.56666,0,
0,GasterBlaster,2,403,183,403,183,90,0.56666,0,
0,GasterBlaster,2,139,433,139,433,0,0.6,0,
0,GasterBlaster,2,453,484,453,484,270,0.6,0,
0,GasterBlaster,2,549,433,549,433,180,0.63333,0,
0,GasterBlaster,2,453,183,453,183,90,0.63333,0,
0,GasterBlaster,2,139,483,139,483,0,0.66666,0,
0,GasterBlaster,2,503,484,503,484,270,0.66666,0,
0,GasterBlaster,2,549,483,549,483,180,0.7,0,
0,GasterBlaster,2,503,183,503,183,90,0.7,0,
0.9,BlackScreen,1,
0,Sound,Flash,
0.1,BlackScreen,0,
0,Sound,Flash,
0,HeartTeleport,262,240,
0,SansSlam,2,
0,SansX,320,
0.03333,GasterBlaster,2,325,484,325,484,270,0,0,
0,GasterBlaster,2,325,133,325,133,90,0.03333,0,
0,GasterBlaster,2,375,484,375,484,270,0.06666,0,
0,GasterBlaster,2,375,133,375,133,90,0.1,0,
0,GasterBlaster,2,425,484,425,484,270,0.13333,0,
0,GasterBlaster,2,425,133,425,133,90,0.16666,0,
0,BoneStab,2,48,0.7,1,
0.7,HeartMode,0,
0,SET,gt,0,
0,SET,gin,1,
0,MUL,Ang,$gt,-6,
0,COS,X,$Ang,
0,SIN,Y,$Ang,
0,MUL,EndX,$X,150,
0,MUL,EndY,$Y,150,
0,MUL,X,$EndX,3,
0,MUL,Y,$EndY,3,
0,ADD,X,$X,320,
0,ADD,Y,$Y,306,
0,ADD,EndX,$EndX,320,
0,ADD,EndY,$EndY,306,
0,ADD,Ang2,$Ang,90,
0,COS,N,$Ang2,
0,SIN,O,$Ang2,
0,MUL,EndN,$N,150,
0,MUL,EndO,$O,150,
0,MUL,N,$EndN,3,
0,MUL,O,$EndO,3,
0,ADD,N,$N,320,
0,ADD,O,$O,306,
0,ADD,EndN,$EndN,320,
0,ADD,EndO,$EndO,306,
0,ADD,Ang2,$Ang2,180,
0,ADD,Ang,$Ang,180,
0,GasterBlaster,0,$X,$Y,$EndX,$EndY,$Ang,0.5,0,
0,GasterBlaster,0,$N,$O,$EndN,$EndO,$Ang2,0.5,0,
0,ADD,gt,$gt,$gin,
0,JMPNL,242,$gin,2.63,
0,ADD,gin,$gin,0.015,
0.06666,JMPL,213,$gt,195,
0,SansSweat,1,
0,SET,gt,0,
0,SET,gin,2.63,
0,MUL,Ang,$gt,-6,
0,ADD,Ang,$Ang,90,
0,COS,X,$Ang,
0,SIN,Y,$Ang,
0,MUL,EndX,$X,150,
0,MUL,EndY,$Y,150,
0,MUL,X,$EndX,3,
0,MUL,Y,$EndY,3,
0,ADD,X,$X,320,
0,ADD,Y,$Y,306,
0,ADD,EndX,$EndX,320,
0,ADD,EndY,$EndY,306,
0,ADD,Ang,$Ang,180,
0,GasterBlaster,0,$X,$Y,$EndX,$EndY,$Ang,0.5,0,
0,ADD,gt,$gt,$gin,
0,JMPNL,263,$gin,4,
0,ADD,gin,$gin,0.015,
0.06666,JMPL,246,$gt,195,
0,SansSweat,2,
0,SET,gt,0,
0,SET,gin,9,
0,MUL,Ang,$gt,-6,
0,ADD,Ang,$Ang,90,
0,COS,X,$Ang,
0,SIN,Y,$Ang,
0,MUL,EndX,$X,150,
0,MUL,EndY,$Y,150,
0,MUL,X,$EndX,3,
0,MUL,Y,$EndY,3,
0,ADD,X,$X,320,
0,ADD,Y,$Y,306,
0,ADD,EndX,$EndX,320,
0,ADD,EndY,$EndY,306,
0,ADD,Ang,$Ang,180,
0,GasterBlaster,0,$X,$Y,$EndX,$EndY,$Ang,0.5,0,
0,ADD,gt,$gt,$gin,
0,JMPNL,284,$gin,10,
0,ADD,gin,$gin,0.01,
0.05,JMPL,267,$gt,1000,
2,SansText,huff... puff...,
0,CombatZoneResizeInstant,305,305,335,335,
0,HeartTeleport,320,320,
0,Sound,Slam,
0,SansHead,ClosedEyes,
1,SansText,welp.,
0,SansText,this is it...,
0,SansText,goodbye idiot,
0,SET,gt,0,
0,SET,gin,1,
0,MUL,Ang,$gt,-10,
0,COS,X,$Ang,
0,SIN,Y,$Ang,
0,MUL,EndX,$X,150,
0,MUL,EndY,$Y,150,
0,MUL,X,$EndX,3,
0,MUL,Y,$EndY,3,
0,ADD,X,$X,320,
0,ADD,Y,$Y,306,
0,ADD,EndX,$EndX,320,
0,ADD,EndY,$EndY,306,
0,ADD,Ang,$Ang,180,
0,GasterBlaster,2,$X,$Y,$EndX,$EndY,$Ang,1,999,
0,ADD,gt,$gt,$gin,
0,JMPNL,311,$gin,1.7,
0,ADD,gin,$gin,0.015,
0.01,JMPL,295,$gt,100,